2020-08-11T00:05:00-04:00,76.5,78.0,73.0,0.7,1.1,2.2,50,0,0,0,0.53,13.22,30.0,89,0,0.0
2020-08-11T00:10:00-04:00,76.5,78.0,73.0,1.8,2.2,3.4,40,0,0,0,0.53,13.22,30.0,89,0,0.0
2020-08-11T00:15:00-04:00,76.3,77.8,72.8,0.0,0.0,3.4,46,0,0,0,0.53,13.22,30.01,89,0,0.0
2020-08-11T00:20:00-04:00,76.3,77.8,72.8,0.0,0.0,3.4,44,0,0,0,0.53,13.22,30.01,89,0,0.0
2020-08-11T00:25:00-04:00,76.3,77.8,72.8,0.0,0.0,3.4,48,0,0,0,0.53,13.22,30.01,89,0,0.0
2020-08-11T00:30:00-04:00,76.1,77.6,72.6,0.9,1.1,3.4,44,0,0,0,0.53,13.22,30.01,89,0,0.0
2020-08-11T00:35:00-04:00,76.1,77.6,72.6,0.0,0.0,3.4,50,0,0,0,0.53,13.22,30.01,89,0,0.0
2020-08-11T00:40:00-04:00,76.1,77.6,72.9,0.0,0.0,3.4,44,0,0,0,0.53,13.22,30.01,90,0,0.0
2020-08-11T00:45:00-04:00,76.1,77.6,72.6,0.2,1.1,3.4,52,0,0,0,0.53,13.22,30.0,89,0,0.0
2020-08-11T00:50:00-04:00,76.1,77.6,72.9,0.0,0.0,3.4,46,0,0,0,0.53,13.22,30.0,90,0,0.0
2020-08-11T00:55:00-04:00,76.1,77.6,72.6,0.0,0.0,3.4,44,0,0,0,0.53,13.22,29.99,89,0,0.0
2020-08-11T01:00:00-04:00,76.1,77.6,72.9,0.0,0.0,3.4,47,0,0,0,0.53,13.22,30.0,90,0,0.0
2020-08-11T01:05:00-04:00,76.1,77.6,72.9,0.2,1.1,3.4,41,0,0,0,0.53,13.22,30.0,90,0,0.0
2020-08-11T01:10:00-04:00,76.1,77.6,72.9,0.0,0.0,3.4,50,0,0,0,0.53,13.22,30.0,90,0,0.0
2020-08-11T01:15:00-04:00,76.1,77.6,72.9,0.0,0.0,3.4,43,0,0,0,0.53,13.22,30.0,90,0,0.0
2020-08-11T01:20:00-04:00,76.1,77.6,72.9,0.0,0.0,3.4,47,0,0,0,0.53,13.22,29.99,90,0,0.0
2020-08-11T01:25:00-04:00,76.1,77.6,72.9,0.0,0.0,3.4,46,0,0,0,0.53,13.22,29.99,90,0,0.0
2020-08-11T01:30:00-04:00,76.1,77.6,72.9,0.0,0.0,3.4,44,0,0,0,0.53,13.22,30.0,90,0,0.0
2020-08-11T01:35:00-04:00,76.1,77.6,72.9,0.0,0.0,3.4,46,0,0,0,0.53,13.22,30.0,90,0,0.0
2020-08-11T01:40:00-04:00,76.1,77.6,72.9,0.0,0.0,3.4,50,0,0,0,0.53,13.22,30.0,90,0,0.0
2020-08-11T01:45:00-04:00,75.9,77.4,72.7,0.0,0.0,3.4,49,0,0,0,0.53,13.22,30.01,90,0,0.0
2020-08-11T01:50:00-04:00,75.9,77.4,72.7,0.0,0.0,3.4,48,0,0,0,0.53,13.22,29.99,90,0,0.0
2020-08-11T01:55:00-04:00,75.9,77.4,72.7,0.0,0.0,3.4,44,0,0,0,0.53,13.22,30.0,90,0,0.0
2020-08-11T02:00:00-04:00,75.9,77.4,72.7,0.0,0.0,3.4,43,0,0,0,0.53,13.22,30.01,90,0,0.0
2020-08-11T02:05:00-04:00,75.7,77.2,72.9,0.0,0.0,3.4,42,0,0,0,0.53,13.22,30.0,91,0,0.0
2020-08-11T02:10:00-04:00,75.7,77.2,72.9,0.0,0.0,3.4,42,0,0,0,0.53,13.22,30.0,91,0,0.0
2020-08-11T02:15:00-04:00,75.6,77.1,72.8,0.0,0.0,3.4,42,0,0,0,0.53,13.22,29.99,91,0,0.0
2020-08-11T02:20:00-04:00,75.4,76.9,72.6,0.2,1.1,3.4,42,0,0,0,0.53,13.22,29.99,91,0,0.0
2020-08-11T02:25:00-04:00,75.4,76.9,72.6,0.0,0.0,3.4,42,0,0,0,0.53,13.22,30.0,91,0,0.0
2020-08-11T02:30:00-04:00,75.2,76.7,72.4,0.9,1.1,3.4,44,0,0,0,0.53,13.22,29.99,91,0,0.0
2020-08-11T02:35:00-04:00,75.2,76.7,72.4,0.9,1.1,3.4,44,0,0,0,0.53,13.22,29.99,91,0,0.0
2020-08-11T02:40:00-04:00,75.0,76.5,72.2,0.0,0.0,3.4,46,0,0,0,0.53,13.22,29.99,91,0,0.0
2020-08-11T02:45:00-04:00,74.8,76.3,72.0,0.7,1.1,3.4,49,0,0,0,0.53,13.22,29.99,91,0,0.0
2020-08-11T02:50:00-04:00,74.8,76.3,72.0,0.0,0.0,3.4,52,0,0,0,0.53,13.22,29.99,91,0,0.0
2020-08-11T02:55:00-04:00,74.8,76.3,72.0,0.2,1.1,3.4,52,0,0,0,0.53,13.22,29.99,91,0,0.0
2020-08-11T03:00:00-04:00,74.7,76.1,71.9,0.2,1.1,3.4,45,0,0,0,0.53,13.22,29.99,91,0,0.0
2020-08-11T03:05:00-04:00,74.7,76.1,71.9,0.0,0.0,3.4,46,0,0,0,0.53,13.22,29.98,91,0,0.0
2020-08-11T03:10:00-04:00,74.7,76.1,71.9,0.0,0.0,3.4,42,0,0,0,0.53,13.22,29.99,91,0,0.0
2020-08-11T03:15:00-04:00,74.7,76.1,71.9,0.2,1.1,3.4,59,0,0,0,0.53,13.22,29.99,91,0,0.0
2020-08-11T03:20:00-04:00,74.7,76.1,71.9,0.0,0.0,3.4,51,0,0,0,0.53,13.22,29.98,91,0,0.0
2020-08-11T03:25:00-04:00,74.7,76.1,71.9,0.7,1.1,3.4,48,0,0,0,0.53,13.22,29.98,91,0,0.0
2020-08-11T03:30:00-04:00,74.5,75.9,71.7,0.7,1.1,3.4,52,0,0,0,0.53,13.22,29.98,91,0,0.0
2020-08-11T03:35:00-04:00,74.5,75.9,71.7,0.9,1.1,3.4,43,0,0,0,0.53,13.22,29.99,91,0,0.0
2020-08-11T03:40:00-04:00,74.5,75.9,71.7,0.0,0.0,3.4,50,0,0,0,0.53,13.22,29.99,91,0,0.0
2020-08-11T03:45:00-04:00,74.5,76.0,72.0,0.0,0.0,3.4,46,0,0,0,0.53,13.22,29.99,92,0,0.0
2020-08-11T03:50:00-04:00,74.5,76.0,72.0,0.0,0.0,3.4,52,0,0,0,0.53,13.22,29.99,92,0,0.0
2020-08-11T03:55:00-04:00,74.5,76.0,72.0,0.0,0.0,3.4,48,0,0,0,0.53,13.22,29.98,92,0,0.0
2020-08-11T04:00:00-04:00,74.5,76.0,72.0,0.0,0.0,3.4,47,0,0,0,0.53,13.22,29.99,92,0,0.0
2020-08-11T04:05:00-04:00,74.5,76.0,72.0,0.0,0.0,3.4,47,0,0,0,0.53,13.22,29.98,92,0,0.0
2020-08-11T04:10:00-04:00,74.3,75.8,71.8,0.0,0.0,3.4,45,0,0,0,0.53,13.22,29.98,92,0,0.0
2020-08-11T04:15:00-04:00,74.3,75.8,71.8,0.0,0.0,3.4,46,0,0,0,0.53,13.22,29.99,92,0,0.0
2020-08-11T04:20:00-04:00,74.3,75.8,71.8,0.0,0.0,3.4,46,0,0,0,0.53,13.22,29.98,92,0,0.0
2020-08-11T04:25:00-04:00,74.3,75.8,71.8,0.0,0.0,3.4,42,0,0,0,0.53,13.22,29.99,92,0,0.0
2020-08-11T04:30:00-04:00,74.3,75.8,72.1,0.0,0.0,3.4,42,0,0,0,0.53,13.22,29.99,93,0,0.0
2020-08-11T04:35:00-04:00,74.3,75.8,72.1,0.0,0.0,3.4,42,0,0,0,0.53,13.22,29.99,93,0,0.0
2020-08-11T04:40:00-04:00,74.1,75.6,71.9,0.0,0.0,3.4,42,0,0,0,0.53,13.22,29.98,93,0,0.0
2020-08-11T04:45:00-04:00,74.1,75.6,71.9,0.0,0.0,3.4,42,0,0,0,0.53,13.22,29.99,93,0,0.0
2020-08-11T04:50:00-04:00,74.1,75.6,71.9,0.0,0.0,3.4,42,0,0,0,0.53,13.22,29.99,93,0,0.0
2020-08-11T04:55:00-04:00,74.1,75.6,71.9,0.0,0.0,3.4,42,0,0,0,0.53,13.22,29.99,93,0,0.0
2020-08-11T05:00:00-04:00,74.3,75.8,72.1,0.0,0.0,3.4,42,0,0,0,0.53,13.22,29.99,93,0,0.0
2020-08-11T05:05:00-04:00,74.1,75.6,71.9,0.0,0.0,3.4,42,0,0,0,0.53,13.22,29.99,93,0,0.0
2020-08-11T05:10:00-04:00,74.1,75.6,71.9,0.0,0.0,3.4,42,0,0,0,0.53,13.22,29.99,93,0,0.0
2020-08-11T05:15:00-04:00,74.1,75.6,71.9,0.0,0.0,3.4,42,0,0,0,0.53,13.22,29.99,93,0,0.0
2020-08-11T05:20:00-04:00,73.9,75.4,72.1,0.0,0.0,3.4,42,0,0,0,0.53,13.22,29.99,94,0,0.0
2020-08-11T05:25:00-04:00,73.9,75.4,72.1,0.0,0.0,3.4,42,0,0,0,0.53,13.22,29.99,94,0,0.0
2020-08-11T05:30:00-04:00,73.8,75.3,72.0,0.0,0.0,3.4,42,0,0,0,0.53,13.22,29.99,94,0,0.0
2020-08-11T05:35:00-04:00,73.9,75.4,72.1,0.0,0.0,3.4,42,0,0,0,0.53,13.22,29.99,94,0,0.0
2020-08-11T05:40:00-04:00,73.8,75.3,72.0,0.0,0.0,3.4,42,0,0,0,0.53,13.22,29.99,94,0,0.0
2020-08-11T05:45:00-04:00,73.9,75.4,72.1,0.0,0.0,3.4,42,0,0,0,0.53,13.22,29.99,94,0,0.0
2020-08-11T05:50:00-04:00,73.8,75.3,72.0,0.0,0.0,3.4,42,0,0,0,0.53,13.22,29.99,94,0,0.0
2020-08-11T05:55:00-04:00,73.8,75.3,72.0,0.0,0.0,3.4,42,0,0,0,0.53,13.22,29.99,94,0,0.0
2020-08-11T06:00:00-04:00,73.8,75.3,72.0,0.0,0.0,3.4,42,0,0,0,0.53,13.22,29.99,94,0,0.8
2020-08-11T06:05:00-04:00,73.9,75.4,72.1,0.0,0.0,3.4,42,0,0,0,0.53,13.22,30.0,94,0,2.9
2020-08-11T06:10:00-04:00,73.9,75.4,72.1,0.0,0.0,3.4,42,0,0,0,0.53,13.22,30.0,94,0,4.8
2020-08-11T06:15:00-04:00,73.9,75.4,72.1,0.0,0.0,3.4,42,0,0,0,0.53,13.22,30.0,94,0,8.6
2020-08-11T06:20:00-04:00,74.1,75.6,72.3,0.0,0.0,3.4,42,0,0,0,0.53,13.22,30.0,94,0,13.3
2020-08-11T06:25:00-04:00,74.3,75.8,72.5,0.0,0.0,3.4,42,0,0,0,0.53,13.22,29.99,94,0,19.1
2020-08-11T06:30:00-04:00,74.5,76.1,72.7,0.0,0.0,3.4,42,0,0,0,0.53,13.22,30.0,94,0,24.7
2020-08-11T06:35:00-04:00,75.0,76.6,73.2,0.0,0.0,3.4,42,0,0,0,0.53,13.22,30.0,94,0,31.2
2020-08-11T06:40:00-04:00,75.2,76.8,73.0,1.1,1.1,3.4,57,0,0,0,0.53,13.22,30.0,93,0,38.5
2020-08-11T06:45:00-04:00,75.6,77.2,73.1,1.3,2.2,3.4,73,0,0,0,0.53,13.22,30.0,92,0,44.2
2020-08-11T06:50:00-04:00,76.1,77.7,73.6,0.0,0.0,3.4,71,0,0,0,0.53,13.22,30.0,92,0,43.3
2020-08-11T06:55:00-04:00,76.6,78.2,73.8,0.9,1.1,3.4,71,0,0,0,0.53,13.22,30.01,91,0,49.4
2020-08-11T07:00:00-04:00,77.2,78.8,74.0,1.1,1.1,4.5,77,0,0,0,0.53,13.22,30.0,90,0,56.8
2020-08-11T07:05:00-04:00,77.2,78.8,74.0,1.1,1.1,4.5,82,0,0,0,0.53,13.22,30.0,90,0,64.6
2020-08-11T07:10:00-04:00,77.4,79.0,73.9,0.9,2.2,4.5,87,0,0,0,0.53,13.22,30.01,89,0,72.8
2020-08-11T07:15:00-04:00,77.5,79.1,74.0,0.2,1.1,5.8,73,0,0,0,0.53,13.22,30.02,89,0,81.5
2020-08-11T07:20:00-04:00,78.1,79.7,73.9,0.7,1.1,5.8,75,0,0,0,0.53,13.22,30.01,87,0,92.4
2020-08-11T07:25:00-04:00,78.3,79.9,74.1,0.0,0.0,5.8,65,0,0,0,0.53,13.22,30.01,87,0,88.5
2020-08-11T07:30:00-04:00,78.1,79.7,73.9,1.6,2.2,6.9,85,0,0,0,0.53,13.22,30.01,87,0,94.6
2020-08-11T07:35:00-04:00,79.0,80.6,74.4,0.0,0.0,6.9,68,0,0,0,0.53,13.22,30.01,86,1,128.8
2020-08-11T07:40:00-04:00,78.6,80.2,74.0,0.2,1.1,6.9,70,0,0,0,0.53,13.22,30.02,86,1,133.1
2020-08-11T07:45:00-04:00,78.1,79.7,73.9,1.1,2.2,6.9,94,0,0,0,0.53,13.22,30.01,87,1,103.6
2020-08-11T07:50:00-04:00,77.4,79.0,73.6,1.3,2.2,6.9,97,0,0,0,0.53,13.22,30.02,88,1,119.6
2020-08-11T07:55:00-04:00,77.4,79.0,73.6,0.0,0.0,6.9,64,0,0,0,0.53,13.22,30.02,88,1,119.3
2020-08-11T08:00:00-04:00,77.4,79.0,73.6,2.5,3.4,6.9,129,0,0,0,0.53,13.22,30.02,88,1,144.0
2020-08-11T08:05:00-04:00,77.2,78.8,73.4,1.3,2.2,6.9,100,0,0,0,0.53,13.22,30.02,88,1,171.3
2020-08-11T08:10:00-04:00,77.5,79.0,73.3,1.3,2.2,6.9,69,0,0,0,0.53,13.22,30.02,87,1,175.2
2020-08-11T08:15:00-04:00,77.5,79.0,73.3,2.2,2.2,6.9,94,0,0,0,0.53,13.22,30.02,87,1,174.3
2020-08-11T08:20:00-04:00,77.5,79.0,73.3,0.2,1.1,6.9,71,0,0,0,0.53,13.22,30.03,87,1,178.2
2020-08-11T08:25:00-04:00,77.5,79.0,73.3,0.7,1.1,6.9,61,0,0,0,0.53,13.22,30.02,87,2,209.1
2020-08-11T08:30:00-04:00,78.3,79.9,73.8,0.7,1.1,6.9,63,0,0,0,0.53,13.22,30.02,86,2,232.1
2020-08-11T08:35:00-04:00,78.8,80.4,73.9,0.0,0.0,6.9,65,0,0,0,0.53,13.22,30.03,85,2,296.7
2020-08-11T08:40:00-04:00,78.8,80.4,73.9,0.2,1.1,6.9,62,0,0,0,0.53,13.22,30.03,85,2,220.3
2020-08-11T08:45:00-04:00,78.6,80.2,73.7,0.2,1.1,6.9,69,0,0,0,0.53,13.22,30.03,85,2,242.0
2020-08-11T08:50:00-04:00,79.2,80.8,73.9,1.6,2.2,6.9,58,0,0,0,0.53,13.22,30.03,84,2,275.9
2020-08-11T08:55:00-04:00,79.3,80.9,74.0,0.2,1.1,6.9,71,0,0,0,0.53,13.22,30.02,84,3,321.4
2020-08-11T09:00:00-04:00,80.1,84.9,74.5,1.6,2.2,6.9,97,0,0,0,0.53,13.22,30.02,83,3,308.4
2020-08-11T09:05:00-04:00,80.6,85.7,74.2,0.7,1.1,6.9,45,0,0,0,0.53,13.22,30.02,81,4,472.0
2020-08-11T09:10:00-04:00,81.0,86.6,74.6,0.0,0.0,6.9,74,0,0,0,0.53,13.22,30.02,81,4,503.2
2020-08-11T09:15:00-04:00,82.2,89.0,75.0,0.2,1.1,6.9,56,0,0,0,0.53,13.22,30.03,79,3,321.0
2020-08-11T09:20:00-04:00,82.4,89.2,74.8,0.9,2.2,6.9,72,0,0,0,0.53,13.22,30.02,78,4,414.2
2020-08-11T09:25:00-04:00,83.3,90.8,74.9,0.2,1.1,6.9,76,0,0,0,0.53,13.22,30.02,76,4,484.1
2020-08-11T09:30:00-04:00,84.9,94.0,75.7,0.0,0.0,6.9,81,0,0,0,0.53,13.22,30.02,74,4,477.1
2020-08-11T09:35:00-04:00,83.8,92.0,75.4,0.7,1.1,6.9,67,0,0,0,0.53,13.22,30.03,76,4,442.9
2020-08-11T09:40:00-04:00,82.8,90.2,75.2,0.2,1.1,6.9,62,0,0,0,0.53,13.22,30.03,78,5,523.6
2020-08-11T09:45:00-04:00,82.2,88.8,74.6,1.3,2.2,6.9,71,0,0,0,0.53,13.22,30.03,78,5,530.9
2020-08-11T09:50:00-04:00,83.7,91.4,74.9,0.0,0.0,6.9,69,0,0,0,0.53,13.22,30.03,75,6,627.2
2020-08-11T09:55:00-04:00,84.9,94.0,75.7,0.7,1.1,6.9,62,0,0,0,0.53,13.22,30.02,74,6,658.4
2020-08-11T10:00:00-04:00,84.9,94.0,75.7,1.3,2.2,6.9,87,0,0,0,0.53,13.22,30.03,74,6,635.5
2020-08-11T10:05:00-04:00,84.2,93.0,75.8,3.8,5.8,6.9,150,0,0,0,0.53,13.22,30.03,76,5,613.4
2020-08-11T10:10:00-04:00,83.1,90.3,74.7,2.5,3.4,6.9,115,0,0,0,0.53,13.22,30.02,76,6,646.8
2020-08-11T10:15:00-04:00,82.9,90.4,75.3,1.3,2.2,8.1,0,0,0,0,0.53,13.22,30.04,78,6,672.9
2020-08-11T10:20:00-04:00,84.0,92.2,75.2,0.7,1.1,8.1,16,0,0,0,0.53,13.22,30.04,75,5,596.0
2020-08-11T10:25:00-04:00,82.8,90.2,75.2,1.8,2.2,8.1,134,0,0,0,0.53,13.22,30.04,78,6,666.2
2020-08-11T10:30:00-04:00,82.6,89.7,75.0,1.6,2.2,8.1,79,0,0,0,0.53,13.22,30.04,78,6,682.8
2020-08-11T10:35:00-04:00,84.0,92.5,75.6,1.3,2.2,8.1,67,0,0,0,0.53,13.22,30.03,76,7,724.4
2020-08-11T10:40:00-04:00,81.9,88.5,75.1,1.3,2.2,8.1,40,0,0,0,0.53,13.22,30.04,80,6,713.6
2020-08-11T10:45:00-04:00,81.7,88.3,75.3,0.9,1.1,9.2,9,0,0,0,0.53,13.22,30.04,81,7,720.1
2020-08-11T10:50:00-04:00,81.9,88.1,74.3,1.6,2.2,9.2,19,0,0,0,0.53,13.22,30.04,78,7,741.4
2020-08-11T10:55:00-04:00,82.9,90.4,75.3,1.3,2.2,9.2,94,0,0,0,0.53,13.22,30.03,78,7,760.8
2020-08-11T11:00:00-04:00,82.8,89.6,74.4,1.8,2.2,9.2,31,0,0,0,0.53,13.22,30.04,76,7,763.9
2020-08-11T11:05:00-04:00,82.9,90.1,74.9,1.3,2.2,9.2,23,0,0,0,0.53,13.22,30.04,77,5,589.5
2020-08-11T11:10:00-04:00,83.1,90.0,74.3,0.7,1.1,9.2,356,0,0,0,0.53,13.22,30.04,75,6,651.9
2020-08-11T11:15:00-04:00,82.6,89.4,74.6,1.3,2.2,9.2,11,0,0,0,0.53,13.22,30.03,77,6,700.1
2020-08-11T11:20:00-04:00,83.5,90.6,74.3,0.9,1.1,9.2,34,0,0,0,0.53,13.22,30.03,74,6,668.0
2020-08-11T11:25:00-04:00,83.3,90.5,74.5,3.8,6.9,9.2,185,0,0,0,0.53,13.22,30.03,75,6,687.5
2020-08-11T11:30:00-04:00,82.9,89.6,74.1,2.7,3.4,9.2,322,0,0,0,0.53,13.22,30.03,75,6,695.4
2020-08-11T11:35:00-04:00,83.3,90.2,74.1,3.4,4.5,9.2,192,0,0,0,0.53,13.22,30.03,74,7,728.3
2020-08-11T11:40:00-04:00,83.1,89.7,73.9,0.9,1.1,9.2,320,0,0,0,0.53,13.22,30.03,74,7,743.9
2020-08-11T11:45:00-04:00,85.1,93.7,75.0,0.7,1.1,9.2,325,0,0,0,0.53,13.22,30.03,72,7,724.8
2020-08-11T11:50:00-04:00,84.6,93.3,75.4,1.8,2.2,9.2,145,0,0,0,0.53,13.22,30.03,74,7,724.8
2020-08-11T11:55:00-04:00,84.2,91.9,74.6,4.0,4.5,9.2,203,0,0,0,0.53,13.22,30.03,73,7,773.4
2020-08-11T12:00:00-04:00,82.6,89.2,74.2,3.1,3.4,9.2,174,0,0,0,0.53,13.22,30.03,76,7,737.4
2020-08-11T12:05:00-04:00,84.0,91.5,74.4,2.2,3.4,9.2,235,0,0,0,0.53,13.22,30.03,73,7,759.1
2020-08-11T12:10:00-04:00,84.7,93.1,75.1,0.9,1.1,9.2,316,0,0,0,0.53,13.22,30.03,73,8,832.9
2020-08-11T12:15:00-04:00,83.7,90.8,74.1,3.6,5.8,9.2,219,0,0,0,0.53,13.22,30.03,73,8,835.9
2020-08-11T12:20:00-04:00,83.8,91.3,74.6,1.3,2.2,9.2,308,0,0,0,0.53,13.22,30.03,74,8,824.7
2020-08-11T12:25:00-04:00,83.3,90.2,74.1,3.8,4.5,9.2,224,0,0,0,0.53,13.22,30.02,74,7,799.0
2020-08-11T12:30:00-04:00,83.5,91.0,74.7,3.4,4.5,10.3,269,0,0,0,0.53,13.22,30.02,75,8,837.6
2020-08-11T12:35:00-04:00,84.4,92.8,75.2,1.1,2.2,10.3,141,0,0,0,0.53,13.22,30.02,74,8,833.4
2020-08-11T12:40:00-04:00,85.1,94.1,75.4,1.6,2.2,10.3,349,0,0,0,0.53,13.22,30.02,73,9,933.5
2020-08-11T12:45:00-04:00,84.4,93.1,75.6,2.9,5.8,10.3,210,0,0,0,0.53,13.22,30.02,75,5,536.6
2020-08-11T12:50:00-04:00,83.3,91.4,75.7,8.3,10.3,10.3,191,0,0,0,0.53,13.22,30.02,78,4,509.6
2020-08-11T12:55:00-04:00,82.4,89.2,74.8,4.5,5.8,10.3,204,0,0,0,0.53,13.22,30.02,78,5,543.5
2020-08-11T13:00:00-04:00,82.6,90.3,75.8,1.6,2.2,10.3,225,0,0,0,0.53,13.22,30.02,80,4,474.1
2020-08-11T13:05:00-04:00,83.3,91.4,75.7,3.1,4.5,10.3,262,0,0,0,0.53,13.22,30.02,78,4,458.5
2020-08-11T13:10:00-04:00,82.9,90.7,75.7,3.4,4.5,10.3,264,0,0,0,0.53,13.22,30.02,79,4,460.2
2020-08-11T13:15:00-04:00,83.3,91.8,76.1,0.7,2.2,10.3,235,0,0,0,0.53,13.22,30.02,79,4,418.5
2020-08-11T13:20:00-04:00,84.6,93.7,75.8,1.3,2.2,10.3,247,0,0,0,0.53,13.22,30.02,75,5,602.5
2020-08-11T13:25:00-04:00,84.4,93.9,76.4,3.8,4.5,10.3,232,0,0,0,0.53,13.22,30.02,77,3,363.5
2020-08-11T13:30:00-04:00,83.8,92.4,75.8,2.9,3.4,10.3,258,0,0,0,0.53,13.22,30.01,77,4,424.6
2020-08-11T13:35:00-04:00,84.4,93.9,76.4,1.6,5.8,10.3,224,0,0,0,0.53,13.22,30.0,77,6,674.9
2020-08-11T13:40:00-04:00,85.3,95.5,76.5,1.1,2.2,10.3,203,0,0,0,0.53,13.22,30.02,75,3,390.4
2020-08-11T13:45:00-04:00,84.9,95.2,76.9,0.2,1.1,10.3,270,0,0,0,0.53,13.22,30.01,77,7,774.3
2020-08-11T13:50:00-04:00,84.7,94.7,76.7,6.5,6.9,10.3,277,0,0,0,0.53,13.22,30.01,77,6,657.5
2020-08-11T13:55:00-04:00,83.3,91.8,76.1,2.0,3.4,12.5,244,0,0,0,0.53,13.22,30.01,79,9,999.9
2020-08-11T14:00:00-04:00,82.9,91.0,76.1,1.6,2.2,12.5,228,0,0,0,0.53,13.22,30.01,80,7,756.9
2020-08-11T14:05:00-04:00,82.8,90.5,75.6,3.8,6.9,12.5,237,0,0,0,0.53,13.22,30.0,79,5,596.9
2020-08-11T14:10:00-04:00,83.1,90.9,75.5,1.3,2.2,12.5,254,0,0,0,0.53,13.22,30.0,78,8,917.5
2020-08-11T14:15:00-04:00,84.9,94.8,76.5,2.7,3.4,12.5,274,0,0,0,0.53,13.22,30.01,76,9,970.4
2020-08-11T14:20:00-04:00,84.2,93.4,76.2,4.0,5.8,12.5,259,0,0,0,0.53,13.22,30.01,77,3,375.2
2020-08-11T14:25:00-04:00,82.4,90.3,76.3,6.0,9.2,13.6,241,0,0,0,0.53,13.22,30.01,82,4,467.2
2020-08-11T14:30:00-04:00,81.9,89.0,75.8,2.0,2.2,13.6,189,0,0,0,0.53,13.22,30.01,82,3,386.9
2020-08-11T14:35:00-04:00,82.4,90.3,76.3,2.5,3.4,13.6,263,0,0,0,0.53,13.22,30.0,82,3,365.7
2020-08-11T14:40:00-04:00,81.1,87.5,75.8,3.6,4.5,13.6,177,0,0,0,0.53,13.22,30.0,84,3,356.5
2020-08-11T14:45:00-04:00,81.3,87.8,75.6,10.7,13.6,13.6,194,0,0,0,0.53,13.22,29.99,83,3,344.9
2020-08-11T14:50:00-04:00,80.8,86.7,75.5,2.5,3.4,13.6,269,0,0,0,0.53,13.22,29.99,84,4,498.9
2020-08-11T14:55:00-04:00,82.8,90.8,76.0,1.6,3.4,13.6,269,0,0,0,0.53,13.22,29.99,80,3,352.6
2020-08-11T15:00:00-04:00,82.9,91.4,76.5,3.4,4.5,13.6,214,0,0,0,0.53,13.22,29.99,81,3,352.2
2020-08-11T15:05:00-04:00,82.4,89.8,75.6,3.1,5.8,13.6,232,0,0,0,0.53,13.22,29.99,80,5,605.6
2020-08-11T15:10:00-04:00,82.9,91.0,76.1,6.5,6.9,13.6,236,0,0,0,0.53,13.22,29.99,80,3,402.5
2020-08-11T15:15:00-04:00,82.6,90.6,76.2,2.2,2.2,13.6,280,0,0,0,0.53,13.22,29.99,81,5,548.3
2020-08-11T15:20:00-04:00,83.3,92.1,76.5,1.8,2.2,13.6,257,0,0,0,0.53,13.22,30.0,80,6,671.5
2020-08-11T15:25:00-04:00,83.7,92.5,76.1,6.9,10.3,13.6,207,0,0,0,0.53,13.22,29.99,78,6,665.9
2020-08-11T15:30:00-04:00,83.7,93.2,76.9,5.8,11.4,13.6,223,0,0,0,0.53,13.22,29.99,80,6,644.1
2020-08-11T15:35:00-04:00,83.1,91.2,75.9,2.0,3.4,13.6,265,0,0,0,0.53,13.22,29.99,79,5,612.9
2020-08-11T15:40:00-04:00,83.3,91.8,76.1,3.4,5.8,13.6,352,0,0,0,0.53,13.22,29.99,79,5,566.9
2020-08-11T15:45:00-04:00,83.3,91.1,75.3,3.4,4.5,13.6,228,0,0,0,0.53,13.22,29.99,77,5,603.4
2020-08-11T15:50:00-04:00,83.8,92.0,75.4,2.2,2.2,13.6,191,0,0,0,0.53,13.22,29.99,76,5,593.5
2020-08-11T15:55:00-04:00,82.9,90.1,74.9,1.3,2.2,13.6,241,0,0,0,0.53,13.22,29.98,77,5,574.7
2020-08-11T16:00:00-04:00,83.7,91.4,74.9,4.0,5.8,13.6,242,0,0,0,0.53,13.22,29.97,75,4,420.7
2020-08-11T16:05:00-04:00,83.8,92.0,75.4,1.1,1.1,13.6,257,0,0,0,0.53,13.22,29.98,76,5,550.9
2020-08-11T16:10:00-04:00,83.7,92.1,75.7,0.9,2.2,13.6,294,0,0,0,0.53,13.22,29.97,77,3,315.4
2020-08-11T16:15:00-04:00,82.8,90.5,75.6,2.5,3.4,13.6,274,0,0,0,0.53,13.22,29.99,79,3,316.6
2020-08-11T16:20:00-04:00,82.4,89.5,75.2,0.9,1.1,13.6,184,0,0,0,0.53,13.22,29.98,79,2,249.4
2020-08-11T16:25:00-04:00,81.7,88.1,74.9,2.5,3.4,13.6,238,0,0,0,0.53,13.22,29.98,80,1,156.6
2020-08-11T16:30:00-04:00,81.3,87.8,75.6,3.8,4.5,13.6,238,0,0,0,0.53,13.22,29.98,83,1,132.2
2020-08-11T16:35:00-04:00,80.6,86.0,74.9,1.3,3.4,13.6,251,0,0,0,0.53,13.22,29.98,83,2,261.1
2020-08-11T16:40:00-04:00,81.1,87.3,75.4,4.5,5.8,13.6,250,0,0,0,0.53,13.22,29.98,83,3,342.7
2020-08-11T16:45:00-04:00,81.1,87.1,75.1,0.2,1.1,13.6,216,0,0,0,0.53,13.22,29.97,82,2,251.5
2020-08-11T16:50:00-04:00,81.7,88.5,75.7,3.8,4.5,13.6,243,0,0,0,0.53,13.22,29.98,82,1,198.2
2020-08-11T16:55:00-04:00,80.6,86.0,74.9,1.3,2.2,13.6,281,0,0,0,0.53,13.22,29.98,83,1,105.0
2020-08-11T17:00:00-04:00,80.6,86.0,74.9,3.1,3.4,13.6,259,0,0,0,0.53,13.22,29.97,83,0,96.3
2020-08-11T17:05:00-04:00,79.9,81.5,74.6,0.7,1.1,13.6,250,0,0,0,0.53,13.22,29.97,84,0,92.4
2020-08-11T17:10:00-04:00,79.7,81.4,74.8,0.2,1.1,13.6,253,0,0,0,0.53,13.22,29.97,85,1,102.8
2020-08-11T17:15:00-04:00,79.9,81.5,74.6,2.0,2.2,13.6,235,0,0,0,0.53,13.22,29.97,84,1,151.0
2020-08-11T17:20:00-04:00,80.1,85.0,74.8,0.2,1.1,13.6,261,0,0,0,0.53,13.22,29.97,84,1,137.5
2020-08-11T17:25:00-04:00,80.8,86.3,74.8,0.7,1.1,13.6,264,0,0,0,0.53,13.22,29.97,82,1,134.4
2020-08-11T17:30:00-04:00,81.1,86.7,74.3,2.9,4.5,13.6,253,0,0,0,0.53,13.22,29.97,80,1,138.7
2020-08-11T17:35:00-04:00,81.1,86.9,74.7,1.1,1.1,13.6,267,0,0,0,0.53,13.22,29.97,81,1,144.0
2020-08-11T17:40:00-04:00,81.3,87.3,74.9,1.8,2.2,13.6,89,0,0,0,0.53,13.22,29.97,81,1,124.9
2020-08-11T17:45:00-04:00,81.3,87.3,74.9,1.3,2.2,13.6,180,0,0,0,0.53,13.22,29.97,81,1,138.7
2020-08-11T17:50:00-04:00,81.3,87.5,75.3,0.9,1.1,13.6,260,0,0,0,0.53,13.22,29.97,82,1,130.5
2020-08-11T17:55:00-04:00,81.0,87.0,75.3,2.5,3.4,13.6,203,0,0,0,0.53,13.22,29.96,83,1,133.1
2020-08-11T18:00:00-04:00,81.1,87.3,75.4,2.2,2.2,13.6,195,0,0,0,0.53,13.22,29.96,83,1,111.0
2020-08-11T18:05:00-04:00,80.6,86.2,75.3,5.4,8.1,13.6,177,0,0,0,0.53,13.22,29.96,84,0,89.3
2020-08-11T18:10:00-04:00,80.8,86.7,75.5,1.1,1.1,13.6,149,0,0,0,0.53,13.22,29.96,84,0,91.5
2020-08-11T18:15:00-04:00,80.8,86.9,75.9,3.6,5.8,14.8,250,0,0,0,0.53,13.22,29.96,85,0,82.8
2020-08-11T18:20:00-04:00,80.1,85.2,75.2,4.0,5.8,14.8,246,0,0,0,0.53,13.22,29.96,85,0,78.9
2020-08-11T18:25:00-04:00,80.2,85.7,75.6,2.7,3.4,14.8,265,0,0,0,0.53,13.22,29.97,86,0,75.0
2020-08-11T18:30:00-04:00,80.2,85.4,75.3,1.6,2.2,14.8,249,0,0,0,0.53,13.22,29.96,85,0,65.9
2020-08-11T18:35:00-04:00,80.2,85.4,75.3,1.6,3.4,14.8,274,0,0,0,0.53,13.22,29.96,85,0,70.2
2020-08-11T18:40:00-04:00,79.9,81.6,75.3,0.4,1.1,14.8,340,0,0,0,0.53,13.22,29.97,86,0,57.6
2020-08-11T18:45:00-04:00,79.7,81.4,75.1,4.3,4.5,14.8,265,0,0,0,0.53,13.22,29.97,86,0,65.5
2020-08-11T18:50:00-04:00,79.5,81.2,75.3,0.9,2.2,14.8,230,0,0,0,0.53,13.22,29.96,87,0,49.4
2020-08-11T18:55:00-04:00,79.3,81.0,75.1,2.9,5.8,14.8,243,0,0,0,0.53,13.22,29.96,87,0,46.4
2020-08-11T19:00:00-04:00,79.2,81.0,75.3,2.9,5.8,14.8,193,0,0,0,0.53,13.22,29.97,88,0,42.5
2020-08-11T19:05:00-04:00,79.0,80.7,75.1,1.6,3.4,14.8,271,0,0,0,0.53,13.22,29.96,88,0,37.7
2020-08-11T19:10:00-04:00,79.0,80.8,75.5,1.1,2.2,14.8,273,0,0,0,0.53,13.22,29.97,89,0,35.5
2020-08-11T19:15:00-04:00,79.0,80.8,75.5,3.4,4.5,14.8,261,0,0,0,0.53,13.22,29.97,89,0,31.2
2020-08-11T19:20:00-04:00,79.0,80.8,75.5,3.6,6.9,14.8,237,0,0,0,0.53,13.22,29.96,89,0,25.9
2020-08-11T19:25:00-04:00,78.6,80.4,75.4,0.2,1.1,14.8,265,0,0,0,0.53,13.22,29.97,90,0,21.2
2020-08-11T19:30:00-04:00,78.4,80.2,75.2,2.2,2.2,14.8,250,0,0,0,0.53,13.22,29.97,90,0,15.5
2020-08-11T19:35:00-04:00,78.1,79.8,74.9,1.1,1.1,14.8,262,0,0,0,0.53,13.22,29.97,90,0,10.8
2020-08-11T19:40:00-04:00,78.1,79.9,75.3,2.2,5.8,14.8,231,0,0,0,0.53,13.22,29.97,91,0,8.6
2020-08-11T19:45:00-04:00,77.9,79.7,75.1,1.8,2.2,14.8,228,0,0,0,0.53,13.22,29.97,91,0,6.5
2020-08-11T19:50:00-04:00,77.9,79.7,75.1,3.4,4.5,14.8,202,0,0,0,0.53,13.22,29.96,91,0,2.9
2020-08-11T19:55:00-04:00,77.7,79.5,75.2,2.0,3.4,14.8,269,0,0,0,0.53,13.22,29.96,92,0,1.2
2020-08-11T20:00:00-04:00,77.5,79.3,75.0,3.1,5.8,14.8,241,0,0,0,0.53,13.22,29.95,92,0,0.4
2020-08-11T20:05:00-04:00,77.5,79.3,75.0,1.3,2.2,14.8,257,0,0,0,0.53,13.22,29.96,92,0,0.0
2020-08-11T20:10:00-04:00,77.4,79.2,74.9,0.4,1.1,14.8,258,0,0,0,0.53,13.22,29.96,92,0,0.0
2020-08-11T20:15:00-04:00,77.4,79.2,75.2,1.3,2.2,14.8,258,0,0,0,0.53,13.22,29.96,93,0,0.0
2020-08-11T20:20:00-04:00,77.2,79.0,75.0,2.2,3.4,14.8,245,0,0,0,0.53,13.22,29.96,93,0,0.0
2020-08-11T20:25:00-04:00,77.2,79.0,75.0,1.8,2.2,14.8,222,0,0,0,0.53,13.22,29.96,93,0,0.0
2020-08-11T20:30:00-04:00,77.2,79.0,75.0,0.9,1.1,14.8,195,0,0,0,0.53,13.22,29.96,93,0,0.0
2020-08-11T20:35:00-04:00,77.2,79.0,75.0,0.7,1.1,14.8,272,0,0,0,0.53,13.22,29.96,93,0,0.0
2020-08-11T20:40:00-04:00,77.2,79.0,75.0,3.4,4.5,14.8,288,0,0,0,0.53,13.22,29.96,93,0,0.0
2020-08-11T20:45:00-04:00,77.2,79.0,75.0,0.7,1.1,14.8,256,0,0,0,0.53,13.22,29.97,93,0,0.0
2020-08-11T20:50:00-04:00,77.2,79.0,75.0,3.4,4.5,14.8,293,0,0,0,0.53,13.22,29.97,93,0,0.0
2020-08-11T20:55:00-04:00,77.2,79.0,75.0,2.7,3.4,14.8,107,0,0,0,0.53,13.22,29.97,93,0,0.0
2020-08-11T21:00:00-04:00,77.2,79.0,75.0,2.9,4.5,14.8,248,0,0,0,0.53,13.22,29.97,93,0,0.0
2020-08-11T21:05:00-04:00,77.2,79.0,75.0,1.1,1.1,14.8,263,0,0,0,0.53,13.22,29.97,93,0,0.0
2020-08-11T21:10:00-04:00,77.0,78.8,75.1,1.3,2.2,14.8,250,0,0,0,0.53,13.22,29.98,94,0,0.0
2020-08-11T21:15:00-04:00,77.2,79.0,75.3,1.3,2.2,14.8,289,0,0,0,0.53,13.22,29.98,94,0,0.0
2020-08-11T21:20:00-04:00,77.2,79.0,75.3,2.7,8.1,14.8,308,0,0,0,0.53,13.22,29.98,94,0,0.0
2020-08-11T21:25:00-04:00,77.2,79.0,75.0,2.5,3.4,14.8,274,0,0,0,0.53,13.22,29.98,93,0,0.0
2020-08-11T21:30:00-04:00,77.2,79.0,75.0,1.3,2.2,14.8,286,0,0,0,0.53,13.22,29.99,93,0,0.0
2020-08-11T21:35:00-04:00,77.2,79.0,75.0,3.4,5.8,14.8,264,0,0,0,0.53,13.22,29.99,93,0,0.0
2020-08-11T21:40:00-04:00,77.2,79.0,75.0,0.9,1.1,14.8,234,0,0,0,0.53,13.22,29.99,93,0,0.0
2020-08-11T21:45:00-04:00,77.2,79.0,75.0,2.5,3.4,14.8,220,0,0,0,0.53,13.22,29.99,93,0,0.0
2020-08-11T21:50:00-04:00,77.2,79.0,75.0,0.7,1.1,14.8,273,0,0,0,0.53,13.22,29.99,93,0,0.0
2020-08-11T21:55:00-04:00,77.2,79.0,75.0,1.1,2.2,14.8,253,0,0,0,0.53,13.22,29.99,93,0,0.0
2020-08-11T22:00:00-04:00,77.2,79.0,75.0,1.1,1.1,14.8,287,0,0,0,0.53,13.22,29.99,93,0,0.0
2020-08-11T22:05:00-04:00,77.0,78.8,74.8,1.6,2.2,14.8,248,0,0,0,0.53,13.22,29.99,93,0,0.0
2020-08-11T22:10:00-04:00,77.0,78.8,74.8,2.9,4.5,14.8,215,0,0,0,0.53,13.22,29.99,93,0,0.0
2020-08-11T22:15:00-04:00,77.0,78.8,75.1,1.8,3.4,14.8,254,0,0,0,0.53,13.22,29.99,94,0,0.0
2020-08-11T22:20:00-04:00,77.0,78.8,75.1,0.9,2.2,14.8,172,0,0,0,0.53,13.22,29.98,94,0,0.0
2020-08-11T22:25:00-04:00,77.0,78.8,75.1,0.7,1.1,14.8,264,0,0,0,0.53,13.22,29.99,94,0,0.0
2020-08-11T22:30:00-04:00,77.0,78.8,75.1,2.9,4.5,14.8,194,0,0,0,0.53,13.22,29.98,94,0,0.0
2020-08-11T22:35:00-04:00,77.0,78.8,75.1,2.2,3.4,14.8,280,0,0,0,0.53,13.22,29.99,94,0,0.0
2020-08-11T22:40:00-04:00,77.0,78.8,75.1,1.1,1.1,14.8,261,0,0,0,0.53,13.22,29.99,94,0,0.0
2020-08-11T22:45:00-04:00,76.8,78.6,74.9,1.3,2.2,14.8,240,0,0,0,0.53,13.22,29.99,94,0,0.0
2020-08-11T22:50:00-04:00,76.8,78.6,74.9,2.5,4.5,14.8,186,0,0,0,0.53,13.22,29.99,94,0,0.0
2020-08-11T22:55:00-04:00,76.6,78.4,74.7,0.7,1.1,14.8,263,0,0,0,0.53,13.22,29.99,94,0,0.0
2020-08-11T23:00:00-04:00,76.6,78.4,74.7,2.5,3.4,14.8,274,0,0,0,0.53,13.22,29.99,94,0,0.0
2020-08-11T23:05:00-04:00,76.6,78.4,74.7,1.8,2.2,14.8,256,0,0,0,0.53,13.22,29.99,94,0,0.0
2020-08-11T23:10:00-04:00,76.6,78.4,74.7,2.2,2.2,14.8,235,0,0,0,0.53,13.22,29.99,94,0,0.0
2020-08-11T23:15:00-04:00,76.5,78.3,74.6,1.8,2.2,14.8,235,0,0,0,0.53,13.22,29.99,94,0,0.0
2020-08-11T23:20:00-04:00,76.5,78.3,74.6,0.2,1.1,14.8,279,0,0,0,0.53,13.22,29.99,94,0,0.0
2020-08-11T23:25:00-04:00,76.5,78.3,74.6,0.2,1.1,14.8,270,0,0,0,0.53,13.22,29.99,94,0,0.0
2020-08-11T23:30:00-04:00,76.5,78.3,74.6,1.6,3.4,14.8,270,0,0,0,0.53,13.22,29.99,94,0,0.0
2020-08-11T23:35:00-04:00,76.3,78.0,74.4,0.7,1.1,14.8,253,0,0,0,0.53,13.22,29.99,94,0,0.0
2020-08-11T23:40:00-04:00,76.3,78.0,74.4,0.7,1.1,14.8,288,0,0,0,0.53,13.22,29.99,94,0,0.0
2020-08-11T23:45:00-04:00,76.5,78.3,74.6,2.2,2.2,14.8,241,0,0,0,0.53,13.22,29.99,94,0,0.0
2020-08-11T23:50:00-04:00,76.5,78.3,74.6,0.9,1.1,14.8,279,0,0,0,0.53,13.22,30.0,94,0,0.0
2020-08-11T23:55:00-04:00,76.5,78.3,74.6,0.9,1.1,14.8,210,0,0,0,0.53,13.22,30.0,94,0,0.0
